store_num,month,treat_region,sales
0,1,treatment,20025.78565
50,1,control,19428.71698
0,2,treatment,20963.45786
50,2,control,19316.34962
0,3,treatment,20668.8175
50,3,control,24723.62008
0,4,treatment,20578.93354
50,4,control,18483.47759
0,5,treatment,22330.42097
50,5,control,20914.97964
0,6,treatment,22022.07126
50,6,control,24152.23099
0,7,treatment,21147.65981
50,7,control,17929.22336
0,8,treatment,18923.74965
50,8,control,20525.3758
0,9,treatment,19581.85049
50,9,control,22750.45673
0,10,treatment,21703.27695
50,10,control,23393.00491
0,11,treatment,21868.12267
50,11,control,23083.09757
0,12,treatment,27492.24021
50,12,control,19509.81172
0,13,treatment,25188.30763
50,13,control,20680.0361
0,14,treatment,30379.9061
50,14,control,20030.95305
0,15,treatment,24798.99374
50,15,control,22636.25731
0,16,treatment,28775.10933
50,16,control,20459.0097
0,17,treatment,26457.58084
50,17,control,22772.7994
0,18,treatment,26894.15366
50,18,control,23242.73541
0,19,treatment,27174.36086
50,19,control,27510.46476
0,20,treatment,28499.69177
50,20,control,28863.41728
0,21,treatment,26901.43151
50,21,control,32515.68859
0,22,treatment,25754.76964
50,22,control,27316.70166
0,23,treatment,27976.54456
50,23,control,29222.96104
1,1,treatment,20147.28529
51,1,control,21690.48257
1,2,treatment,22296.97034
51,2,control,27199.33238
1,3,treatment,21260.93838
51,3,control,23866.93095
1,4,treatment,21472.64887
51,4,control,33534.13392
1,5,treatment,19800.32936
51,5,control,33395.06102
1,6,treatment,19560.14075
51,6,control,30667.7703
1,7,treatment,22003.38823
51,7,control,22499.32383
1,8,treatment,20859.42789
51,8,control,25720.84915
1,9,treatment,19370.13459
51,9,control,29363.51685
1,10,treatment,25218.75603
51,10,control,28255.9936
1,11,treatment,19707.29492
51,11,control,28781.32032
1,12,treatment,27140.84241
51,12,control,28241.00228
1,13,treatment,25280.97723
51,13,control,24223.60158
1,14,treatment,23809.09994
51,14,control,28106.341
1,15,treatment,23392.12792
51,15,control,27346.039
1,16,treatment,27418.50671
51,16,control,27920.74058
1,17,treatment,20148.33317
51,17,control,23996.56332
1,18,treatment,29995.69046
51,18,control,20311.78748
1,19,treatment,29713.41443
51,19,control,20728.82728
1,20,treatment,24967.85055
51,20,control,24657.7517
1,21,treatment,27170.47202
51,21,control,21762.16661
1,22,treatment,30302.90148
51,22,control,21737.70966
1,23,treatment,26927.29766
51,23,control,21214.91017
2,1,treatment,19245.11476
52,1,control,19584.12473
2,2,treatment,22323.04402
52,2,control,17477.01997
2,3,treatment,18965.85425
52,3,control,17714.2149
2,4,treatment,20682.04108
52,4,control,20812.1991
2,5,treatment,21918.03903
52,5,control,19132.25855
2,6,treatment,22574.67697
52,6,control,23920.88127
2,7,treatment,22387.75021
52,7,control,21815.873
2,8,treatment,21317.8362
52,8,control,23435.5936
2,9,treatment,19211.80951
52,9,control,24498.78061
2,10,treatment,22572.0839
52,10,control,29572.67581
2,11,treatment,21575.45339
52,11,control,24540.69622
2,12,treatment,24872.84988
52,12,control,24718.39577
2,13,treatment,24979.40348
52,13,control,24469.96985
2,14,treatment,25781.76766
52,14,control,23339.73262
2,15,treatment,25386.95583
52,15,control,19499.83289
2,16,treatment,28639.16352
52,16,control,23245.79564
2,17,treatment,26986.818
52,17,control,20872.97996
2,18,treatment,28162.5373
52,18,control,23003.9912
2,19,treatment,28604.13225
52,19,control,20463.88539
2,20,treatment,27519.19647
52,20,control,20077.27253
2,21,treatment,30326.13148
52,21,control,24931.02056
2,22,treatment,29268.48554
52,22,control,21881.67368
2,23,treatment,25944.40058
52,23,control,18889.21404
3,1,treatment,21545.02688
53,1,control,24120.05788
3,2,treatment,19164.68559
53,2,control,20398.03437
3,3,treatment,23420.39517
53,3,control,22876.58078
3,4,treatment,20932.43524
53,4,control,29220.35174
3,5,treatment,21272.00233
53,5,control,25228.48463
3,6,treatment,19226.27407
53,6,control,26074.3659
3,7,treatment,22884.74468
53,7,control,24985.70546
3,8,treatment,22226.14295
53,8,control,28199.73349
3,9,treatment,24020.1093
53,9,control,29524.76371
3,10,treatment,21263.58663
53,10,control,34640.15646
3,11,treatment,19931.66801
53,11,control,36212.86316
3,12,treatment,24594.9979
53,12,control,25885.71983
3,13,treatment,30066.22903
53,13,control,31130.38623
3,14,treatment,23754.75005
53,14,control,27225.60403
3,15,treatment,23126.63073
53,15,control,26824.11667
3,16,treatment,28094.71142
53,16,control,26362.4628
3,17,treatment,27336.15673
53,17,control,27510.36624
3,18,treatment,26500.99969
53,18,control,25053.4555
3,19,treatment,26554.21632
53,19,control,21833.85074
3,20,treatment,26362.06391
53,20,control,24832.04464
3,21,treatment,29089.84833
53,21,control,25527.6835
3,22,treatment,27411.41153
53,22,control,18293.17599
3,23,treatment,31351.45036
53,23,control,25638.86162
4,1,treatment,19727.08813
54,1,control,24545.10152
4,2,treatment,18570.22182
54,2,control,23771.04544
4,3,treatment,23557.20658
54,3,control,25731.64783
4,4,treatment,20437.65993
54,4,control,25455.97653
4,5,treatment,18308.431
54,5,control,27646.09027
4,6,treatment,22335.27841
54,6,control,28430.73198
4,7,treatment,19281.63817
54,7,control,24814.97104
4,8,treatment,20779.96657
54,8,control,22086.92515
4,9,treatment,20305.02722
54,9,control,21880.87407
4,10,treatment,21884.75769
54,10,control,23459.17775
4,11,treatment,17644.11275
54,11,control,28048.74005
4,12,treatment,24556.405
54,12,control,24361.19444
4,13,treatment,26702.36832
54,13,control,25941.57821
4,14,treatment,26150.76372
54,14,control,21413.50887
4,15,treatment,24662.09658
54,15,control,23277.72904
4,16,treatment,28154.30754
54,16,control,20626.9857
4,17,treatment,21639.63431
54,17,control,24657.3449
4,18,treatment,27425.21506
54,18,control,24497.07432
4,19,treatment,29118.48744
54,19,control,25835.64122
4,20,treatment,25907.71086
54,20,control,23572.88814
4,21,treatment,27562.47303
54,21,control,27779.04123
4,22,treatment,29485.35116
54,22,control,22300.26309
4,23,treatment,23441.33947
54,23,control,20476.22228
5,1,treatment,21641.74268
55,1,control,25209.81882
5,2,treatment,17125.75903
55,2,control,32993.01432
5,3,treatment,21448.49525
55,3,control,33637.80631
5,4,treatment,19364.20972
55,4,control,27404.63803
5,5,treatment,20526.064
55,5,control,25759.35176
5,6,treatment,22558.01141
55,6,control,26146.93089
5,7,treatment,19694.345
55,7,control,25478.26625
5,8,treatment,22422.14336
55,8,control,25369.32573
5,9,treatment,19235.35312
55,9,control,24419.88126
5,10,treatment,22191.66283
55,10,control,29804.21925
5,11,treatment,25874.43548
55,11,control,27175.90959
5,12,treatment,27044.94998
55,12,control,28711.82424
5,13,treatment,29946.98051
55,13,control,31622.59613
5,14,treatment,24303.72188
55,14,control,27149.40187
5,15,treatment,22998.00226
55,15,control,32591.27791
5,16,treatment,24458.72277
55,16,control,24835.44448
5,17,treatment,24003.00972
55,17,control,25406.84131
5,18,treatment,26163.74882
55,18,control,28345.12515
5,19,treatment,21389.15824
55,19,control,30039.85698
5,20,treatment,30580.84371
55,20,control,33440.6427
5,21,treatment,32129.65113
55,21,control,28322.14495
5,22,treatment,27479.10104
55,22,control,27598.60105
5,23,treatment,27117.42498
55,23,control,25386.45272
6,1,treatment,15587.66679
56,1,control,27620.21769
6,2,treatment,20304.23122
56,2,control,19899.79173
6,3,treatment,18868.45472
56,3,control,22665.77396
6,4,treatment,22632.95054
56,4,control,20046.33543
6,5,treatment,18845.35079
56,5,control,24864.59819
6,6,treatment,22811.52634
56,6,control,23474.40393
6,7,treatment,19327.47975
56,7,control,26403.90064
6,8,treatment,22241.87245
56,8,control,21805.99763
6,9,treatment,20644.16037
56,9,control,25910.47502
6,10,treatment,18676.34806
56,10,control,21921.59971
6,11,treatment,17725.74759
56,11,control,28214.05894
6,12,treatment,25899.76823
56,12,control,25294.56159
6,13,treatment,27318.06171
56,13,control,27129.89378
6,14,treatment,27805.20995
56,14,control,22989.95346
6,15,treatment,27631.33728
56,15,control,27419.24021
6,16,treatment,26310.08705
56,16,control,26617.45263
6,17,treatment,28306.11192
56,17,control,22237.21375
6,18,treatment,28101.66588
56,18,control,28501.56629
6,19,treatment,24007.85795
56,19,control,25972.21938
6,20,treatment,28824.92445
56,20,control,26731.65161
6,21,treatment,26666.5708
56,21,control,23363.22331
6,22,treatment,26037.8599
56,22,control,25188.28537
6,23,treatment,29076.24221
56,23,control,29357.75667
7,1,treatment,25603.88644
57,1,control,25170.5827
7,2,treatment,20513.74038
57,2,control,27130.03541
7,3,treatment,22099.22124
57,3,control,26359.33661
7,4,treatment,22027.33729
57,4,control,26029.56637
7,5,treatment,20734.85051
57,5,control,29279.44344
7,6,treatment,21744.11307
57,6,control,25879.68464
7,7,treatment,22751.56167
57,7,control,27811.06835
7,8,treatment,22042.9538
57,8,control,23353.3717
7,9,treatment,19121.60428
57,9,control,22332.43277
7,10,treatment,21440.35412
57,10,control,22122.86235
7,11,treatment,21675.95892
57,11,control,20192.31046
7,12,treatment,27027.98491
57,12,control,19768.39205
7,13,treatment,26309.97408
57,13,control,18228.62622
7,14,treatment,28847.40644
57,14,control,17069.07934
7,15,treatment,27048.28534
57,15,control,24530.58558
7,16,treatment,31581.51361
57,16,control,24940.12614
7,17,treatment,30242.86166
57,17,control,27665.62029
7,18,treatment,24494.81634
57,18,control,25843.30648
7,19,treatment,27214.34759
57,19,control,26172.14219
7,20,treatment,29352.36216
57,20,control,23004.04095
7,21,treatment,25238.27332
57,21,control,25808.91064
7,22,treatment,28162.05465
57,22,control,31018.09434
7,23,treatment,26437.43631
57,23,control,23733.04876
8,1,treatment,18200.55166
58,1,control,27315.12451
8,2,treatment,20371.10885
58,2,control,24409.58191
8,3,treatment,18839.68543
58,3,control,30172.14783
8,4,treatment,21482.35135
58,4,control,34948.69978
8,5,treatment,17506.62435
58,5,control,26990.31621
8,6,treatment,19330.04021
58,6,control,32332.24593
8,7,treatment,25519.12766
58,7,control,32601.07174
8,8,treatment,21929.04579
58,8,control,38652.20205
8,9,treatment,21846.57247
58,9,control,35293.82003
8,10,treatment,22898.61219
58,10,control,35619.50406
8,11,treatment,20531.02665
58,11,control,34076.64256
8,12,treatment,26702.60942
58,12,control,30264.30919
8,13,treatment,26447.46094
58,13,control,33261.64564
8,14,treatment,27456.23117
58,14,control,38251.38985
8,15,treatment,26764.03017
58,15,control,36621.48916
8,16,treatment,27581.05583
58,16,control,33567.81907
8,17,treatment,28612.52631
58,17,control,30721.68265
8,18,treatment,28955.35606
58,18,control,27411.55335
8,19,treatment,29796.31087
58,19,control,30599.31131
8,20,treatment,23869.23501
58,20,control,29866.56869
8,21,treatment,24822.79717
58,21,control,33676.8368
8,22,treatment,24404.65401
58,22,control,32076.20846
8,23,treatment,30758.5368
58,23,control,27478.40928
9,1,treatment,19888.80791
59,1,control,20708.64308
9,2,treatment,20306.97767
59,2,control,25744.05998
9,3,treatment,21710.81458
59,3,control,25418.18642
9,4,treatment,21064.32236
59,4,control,28764.09792
9,5,treatment,19418.49542
59,5,control,33740.80219
9,6,treatment,21127.48885
59,6,control,25043.4011
9,7,treatment,20078.91316
59,7,control,20972.28878
9,8,treatment,17903.47437
59,8,control,20933.11727
9,9,treatment,19237.32774
59,9,control,20731.67696
9,10,treatment,24278.07663
59,10,control,20413.29423
9,11,treatment,21788.04564
59,11,control,15216.61653
9,12,treatment,24468.04
59,12,control,17780.30411
9,13,treatment,25428.92204
59,13,control,21518.88168
9,14,treatment,26790.54076
59,14,control,21536.4406
9,15,treatment,28561.66646
59,15,control,25163.98511
9,16,treatment,29506.06815
59,16,control,23231.73572
9,17,treatment,30443.20763
59,17,control,21955.43166
9,18,treatment,26430.58541
59,18,control,21716.15351
9,19,treatment,27122.57084
59,19,control,24344.00726
9,20,treatment,27347.28698
59,20,control,21783.30519
9,21,treatment,26856.52695
59,21,control,16371.40267
9,22,treatment,26504.9071
59,22,control,24854.99537
9,23,treatment,28020.18366
59,23,control,21007.76246
10,1,treatment,19523.03655
60,1,control,21478.82631
10,2,treatment,22921.37185
60,2,control,19350.91273
10,3,treatment,21056.35153
60,3,control,18611.67964
10,4,treatment,20117.18301
60,4,control,19469.02903
10,5,treatment,21811.68857
60,5,control,11222.43473
10,6,treatment,19643.40927
60,6,control,11522.6512
10,7,treatment,19532.88875
60,7,control,17944.80427
10,8,treatment,20721.93494
60,8,control,16346.36007
10,9,treatment,17555.12736
60,9,control,17444.80351
10,10,treatment,20070.98688
60,10,control,19991.47166
10,11,treatment,21632.16206
60,11,control,26383.28024
10,12,treatment,25450.20686
60,12,control,25484.64774
10,13,treatment,27523.55024
60,13,control,25708.42177
10,14,treatment,26325.56153
60,14,control,21277.79921
10,15,treatment,28264.31137
60,15,control,20125.46518
10,16,treatment,28584.65679
60,16,control,23368.17924
10,17,treatment,25220.75323
60,17,control,26871.42999
10,18,treatment,28308.42661
60,18,control,24650.31957
10,19,treatment,31475.12232
60,19,control,24429.27798
10,20,treatment,28979.34302
60,20,control,29220.01408
10,21,treatment,30135.15422
60,21,control,21853.58717
10,22,treatment,26840.01446
60,22,control,23231.31017
10,23,treatment,30295.71369
60,23,control,24639.07167
11,1,treatment,21061.93526
61,1,control,25072.39905
11,2,treatment,19667.02395
61,2,control,26853.20165
11,3,treatment,17874.58495
61,3,control,23406.41291
11,4,treatment,18184.35042
61,4,control,19825.89056
11,5,treatment,23551.16544
61,5,control,23186.14759
11,6,treatment,22330.6661
61,6,control,25649.98638
11,7,treatment,17687.99019
61,7,control,27722.59737
11,8,treatment,23335.68076
61,8,control,36717.90776
11,9,treatment,22184.9923
61,9,control,36824.15656
11,10,treatment,19259.20595
61,10,control,34318.54468
11,11,treatment,18889.95291
61,11,control,31361.11752
11,12,treatment,27803.76834
61,12,control,32504.98103
11,13,treatment,24102.16034
61,13,control,36093.19803
11,14,treatment,26377.88614
61,14,control,30530.42615
11,15,treatment,23081.14766
61,15,control,33887.24452
11,16,treatment,26814.96339
61,16,control,36078.78739
11,17,treatment,26711.73013
61,17,control,32616.90131
11,18,treatment,25163.15175
61,18,control,29600.65748
11,19,treatment,24179.40865
61,19,control,32731.83415
11,20,treatment,26177.23577
61,20,control,37632.52375
11,21,treatment,25196.44102
61,21,control,39012.40463
11,22,treatment,28234.68889
61,22,control,35253.44956
11,23,treatment,27154.75807
61,23,control,32917.04162
12,1,treatment,20044.41704
62,1,control,33668.18832
12,2,treatment,23676.38276
62,2,control,30377.7717
12,3,treatment,19662.72565
62,3,control,33742.98406
12,4,treatment,19222.42605
62,4,control,28350.322
12,5,treatment,21088.55296
62,5,control,25213.15648
12,6,treatment,16733.50985
62,6,control,30351.88364
12,7,treatment,24166.12591
62,7,control,27149.76324
12,8,treatment,22037.63496
62,8,control,26025.70085
12,9,treatment,21359.70278
62,9,control,20777.01374
12,10,treatment,19649.92125
62,10,control,24080.84703
12,11,treatment,19036.35561
62,11,control,22487.24672
12,12,treatment,30959.64022
62,12,control,24258.24104
12,13,treatment,26688.06295
62,13,control,22510.48469
12,14,treatment,24949.00221
62,14,control,22331.18363
12,15,treatment,24414.24792
62,15,control,21680.32808
12,16,treatment,26708.83931
62,16,control,32892.52962
12,17,treatment,28659.1341
62,17,control,29702.60242
12,18,treatment,25584.80023
62,18,control,32354.72843
12,19,treatment,28094.00082
62,19,control,26314.21825
12,20,treatment,29292.77227
62,20,control,28664.24412
12,21,treatment,30001.39623
62,21,control,30285.94708
12,22,treatment,25190.75381
62,22,control,25238.44688
12,23,treatment,27534.28099
62,23,control,26380.58091
13,1,treatment,17264.68909
63,1,control,19097.54941
13,2,treatment,22304.86154
63,2,control,23442.37979
13,3,treatment,19640.69479
63,3,control,23739.3505
13,4,treatment,18667.00624
63,4,control,23923.97491
13,5,treatment,20417.23622
63,5,control,25892.94909
13,6,treatment,14535.51761
63,6,control,22083.06028
13,7,treatment,17403.13383
63,7,control,16399.34237
13,8,treatment,18690.33908
63,8,control,16785.61832
13,9,treatment,16985.53674
63,9,control,23311.75915
13,10,treatment,20282.52061
63,10,control,22297.12372
13,11,treatment,20088.7508
63,11,control,21947.082
13,12,treatment,24897.46776
63,12,control,25277.47995
13,13,treatment,28285.70053
63,13,control,18093.52347
13,14,treatment,24232.1288
63,14,control,24949.58256
13,15,treatment,29857.9763
63,15,control,19273.18838
13,16,treatment,28246.84246
63,16,control,24601.66152
13,17,treatment,26663.30416
63,17,control,18733.49796
13,18,treatment,25112.71678
63,18,control,21157.15797
13,19,treatment,28344.18769
63,19,control,17697.83503
13,20,treatment,28414.76819
63,20,control,22148.16508
13,21,treatment,23299.73854
63,21,control,22432.69293
13,22,treatment,28899.74816
63,22,control,20502.99486
13,23,treatment,25056.32342
63,23,control,26485.8645
14,1,treatment,20314.13324
64,1,control,26966.74521
14,2,treatment,17247.9227
64,2,control,18928.45553
14,3,treatment,18995.03384
64,3,control,19977.66464
14,4,treatment,21258.48806
64,4,control,21460.49157
14,5,treatment,19140.15883
64,5,control,26575.16797
14,6,treatment,21063.30362
64,6,control,27363.63214
14,7,treatment,20636.91699
64,7,control,20786.54878
14,8,treatment,22414.10723
64,8,control,23611.45651
14,9,treatment,20519.04744
64,9,control,32545.906
14,10,treatment,21644.22433
64,10,control,23963.73539
14,11,treatment,19960.62912
64,11,control,22340.47132
14,12,treatment,24176.49418
64,12,control,24084.27776
14,13,treatment,23045.77496
64,13,control,24826.40714
14,14,treatment,25269.50675
64,14,control,22714.49327
14,15,treatment,25395.64479
64,15,control,25149.19082
14,16,treatment,27182.3038
64,16,control,22670.65507
14,17,treatment,26286.91054
64,17,control,24569.51032
14,18,treatment,22886.22845
64,18,control,21632.09645
14,19,treatment,24909.04589
64,19,control,25661.4304
14,20,treatment,30260.54824
64,20,control,32082.63185
14,21,treatment,27794.26324
64,21,control,29428.94685
14,22,treatment,25997.17184
64,22,control,29115.00219
14,23,treatment,26614.35486
64,23,control,34617.03835
15,1,treatment,19653.49486
65,1,control,17595.13519
15,2,treatment,17870.48259
65,2,control,23515.58651
15,3,treatment,19565.88804
65,3,control,19564.2473
15,4,treatment,23888.02885
65,4,control,27191.98486
15,5,treatment,20500.62873
65,5,control,18125.73167
15,6,treatment,19386.78323
65,6,control,18403.06285
15,7,treatment,18079.02256
65,7,control,14955.51509
15,8,treatment,23841.37466
65,8,control,24016.18786
15,9,treatment,18622.08536
65,9,control,26510.40795
15,10,treatment,20518.54808
65,10,control,28040.6452
15,11,treatment,20365.89845
65,11,control,27003.59249
15,12,treatment,28904.23337
65,12,control,23827.05219
15,13,treatment,21170.37571
65,13,control,24559.76215
15,14,treatment,26252.83767
65,14,control,23429.05546
15,15,treatment,27807.38559
65,15,control,19003.6489
15,16,treatment,27251.7162
65,16,control,18850.93251
15,17,treatment,24949.67308
65,17,control,20475.79163
15,18,treatment,24487.2126
65,18,control,25051.23562
15,19,treatment,26971.73935
65,19,control,25759.4333
15,20,treatment,24574.57821
65,20,control,20746.99735
15,21,treatment,22092.99136
65,21,control,26449.15939
15,22,treatment,26960.44365
65,22,control,31227.77225
15,23,treatment,25726.92788
65,23,control,33401.302
16,1,treatment,20239.74299
66,1,control,20810.21381
16,2,treatment,21459.80399
66,2,control,17927.25845
16,3,treatment,20391.09026
66,3,control,24046.67355
16,4,treatment,20120.12526
66,4,control,24948.05302
16,5,treatment,23740.17999
66,5,control,28082.45743
16,6,treatment,20229.29546
66,6,control,30173.98244
16,7,treatment,18906.48478
66,7,control,28193.32115
16,8,treatment,18383.33928
66,8,control,25853.92576
16,9,treatment,20442.02335
66,9,control,25380.26142
16,10,treatment,18368.79738
66,10,control,24529.17344
16,11,treatment,22968.35654
66,11,control,31029.17882
16,12,treatment,26082.35304
66,12,control,25675.1699
16,13,treatment,26130.50639
66,13,control,28151.13435
16,14,treatment,28527.81457
66,14,control,27638.91552
16,15,treatment,28587.57353
66,15,control,26153.49338
16,16,treatment,27774.82449
66,16,control,26019.04175
16,17,treatment,25410.06814
66,17,control,22245.12101
16,18,treatment,28727.90148
66,18,control,26487.49766
16,19,treatment,27201.04462
66,19,control,22587.69262
16,20,treatment,24135.50486
66,20,control,25941.15838
16,21,treatment,27160.16018
66,21,control,23626.2265
16,22,treatment,28436.17903
66,22,control,20509.04441
16,23,treatment,24792.92179
66,23,control,26267.61073
17,1,treatment,21526.5666
67,1,control,26695.44278
17,2,treatment,21702.27107
67,2,control,27662.57044
17,3,treatment,22671.285
67,3,control,21482.00285
17,4,treatment,19486.46729
67,4,control,23596.51147
17,5,treatment,22076.0273
67,5,control,23334.20856
17,6,treatment,22234.74463
67,6,control,24849.90591
17,7,treatment,19785.19678
67,7,control,27650.38924
17,8,treatment,20510.1917
67,8,control,29158.61778
17,9,treatment,22657.00747
67,9,control,25408.31664
17,10,treatment,23057.73885
67,10,control,29311.02495
17,11,treatment,21397.22799
67,11,control,27706.81322
17,12,treatment,28307.51893
67,12,control,26826.62909
17,13,treatment,21050.65908
67,13,control,29249.65334
17,14,treatment,27579.52887
67,14,control,26342.23426
17,15,treatment,29881.68018
67,15,control,28432.17294
17,16,treatment,26907.99094
67,16,control,24135.78402
17,17,treatment,31199.0091
67,17,control,24926.33575
17,18,treatment,27044.32856
67,18,control,29862.50987
17,19,treatment,25572.18249
67,19,control,24139.43575
17,20,treatment,26298.51922
67,20,control,25176.14755
17,21,treatment,24247.68292
67,21,control,27794.05474
17,22,treatment,26738.70551
67,22,control,21525.75252
17,23,treatment,23706.77873
67,23,control,26448.73162
18,1,treatment,19007.88009
68,1,control,22070.91748
18,2,treatment,23548.36933
68,2,control,23549.88011
18,3,treatment,16239.70861
68,3,control,17174.82745
18,4,treatment,16783.60656
68,4,control,23555.68831
18,5,treatment,23270.42922
68,5,control,24060.7389
18,6,treatment,15842.35716
68,6,control,19027.82098
18,7,treatment,19983.47403
68,7,control,18799.79252
18,8,treatment,20683.29731
68,8,control,18636.7952
18,9,treatment,20248.8117
68,9,control,21488.45939
18,10,treatment,22452.26123
68,10,control,22796.29703
18,11,treatment,18358.53555
68,11,control,23422.92371
18,12,treatment,25488.91294
68,12,control,19096.02741
18,13,treatment,26165.70075
68,13,control,21158.83524
18,14,treatment,27884.90236
68,14,control,22307.45318
18,15,treatment,23658.7143
68,15,control,27473.34854
18,16,treatment,28930.91856
68,16,control,23577.94209
18,17,treatment,25977.37048
68,17,control,26337.28825
18,18,treatment,28954.66845
68,18,control,17596.36527
18,19,treatment,24264.0551
68,19,control,22961.26446
18,20,treatment,25929.91939
68,20,control,25003.59708
18,21,treatment,25521.65191
68,21,control,26241.30881
18,22,treatment,28675.69123
68,22,control,27996.67166
18,23,treatment,26793.17645
68,23,control,24096.11361
19,1,treatment,20486.41665
69,1,control,23667.06137
19,2,treatment,19317.12223
69,2,control,22587.62807
19,3,treatment,20715.68705
69,3,control,26175.83922
19,4,treatment,22040.09742
69,4,control,26399.60556
19,5,treatment,16652.09585
69,5,control,24124.27455
19,6,treatment,23358.87815
69,6,control,30831.9101
19,7,treatment,16391.73268
69,7,control,26066.34046
19,8,treatment,19757.56051
69,8,control,24476.97614
19,9,treatment,18048.3621
69,9,control,27335.31192
19,10,treatment,15233.2731
69,10,control,23953.11968
19,11,treatment,17934.74896
69,11,control,29701.87709
19,12,treatment,30782.53484
69,12,control,24978.52505
19,13,treatment,27765.4208
69,13,control,28789.04309
19,14,treatment,26232.10203
69,14,control,26591.55031
19,15,treatment,26548.04894
69,15,control,26093.81271
19,16,treatment,22347.78321
69,16,control,28366.68149
19,17,treatment,24802.52556
69,17,control,27010.32414
19,18,treatment,28205.96177
69,18,control,31558.08938
19,19,treatment,27236.09301
69,19,control,32360.97626
19,20,treatment,25899.17131
69,20,control,30313.92459
19,21,treatment,27580.96159
69,21,control,26612.78542
19,22,treatment,26456.43064
69,22,control,31369.33123
19,23,treatment,25048.09281
69,23,control,34298.66595
20,1,treatment,22739.07448
70,1,control,18978.1299
20,2,treatment,19649.86119
70,2,control,20473.66252
20,3,treatment,23410.65113
70,3,control,23047.453
20,4,treatment,21079.78187
70,4,control,22384.41963
20,5,treatment,19882.46783
70,5,control,22178.9068
20,6,treatment,17545.59505
70,6,control,22344.62033
20,7,treatment,22751.31572
70,7,control,22198.63629
20,8,treatment,19994.53968
70,8,control,17137.08988
20,9,treatment,21103.7947
70,9,control,15083.11725
20,10,treatment,21852.68964
70,10,control,17443.68038
20,11,treatment,15793.80007
70,11,control,15133.2948
20,12,treatment,27352.14322
70,12,control,17434.05452
20,13,treatment,27985.53992
70,13,control,17902.80955
20,14,treatment,27917.65632
70,14,control,22647.36445
20,15,treatment,25843.39812
70,15,control,19082.65589
20,16,treatment,25687.98452
70,16,control,22953.27955
20,17,treatment,26777.03495
70,17,control,21408.27796
20,18,treatment,26216.59141
70,18,control,18978.85817
20,19,treatment,26680.38264
70,19,control,20088.99623
20,20,treatment,29434.62031
70,20,control,19161.44172
20,21,treatment,28363.54908
70,21,control,18620.15264
20,22,treatment,30778.32066
70,22,control,21894.94889
20,23,treatment,28210.13957
70,23,control,23665.05192
21,1,treatment,19708.2193
71,1,control,23170.1172
21,2,treatment,17199.40222
71,2,control,20768.28581
21,3,treatment,19170.83145
71,3,control,22265.44309
21,4,treatment,20940.60138
71,4,control,26478.3335
21,5,treatment,22465.33542
71,5,control,23072.99032
21,6,treatment,17379.59432
71,6,control,22628.68947
21,7,treatment,18847.78569
71,7,control,21615.41475
21,8,treatment,18885.87038
71,8,control,24731.89904
21,9,treatment,19698.88385
71,9,control,24555.53622
21,10,treatment,22368.76054
71,10,control,21649.2676
21,11,treatment,15862.44453
71,11,control,20335.83734
21,12,treatment,26048.59109
71,12,control,22317.22915
21,13,treatment,23825.48622
71,13,control,26476.67341
21,14,treatment,27164.06333
71,14,control,25934.61167
21,15,treatment,25679.03043
71,15,control,25965.3678
21,16,treatment,24008.8977
71,16,control,27369.17666
21,17,treatment,26933.79518
71,17,control,30409.51987
21,18,treatment,23485.30389
71,18,control,31066.44199
21,19,treatment,26435.40304
71,19,control,31749.68761
21,20,treatment,24366.78232
71,20,control,27421.05253
21,21,treatment,29550.39944
71,21,control,28788.23776
21,22,treatment,28083.55535
71,22,control,30310.01469
21,23,treatment,25565.39683
71,23,control,23096.14456
22,1,treatment,19494.06906
72,1,control,24318.68423
22,2,treatment,17018.44205
72,2,control,28845.38534
22,3,treatment,19953.68603
72,3,control,27246.45154
22,4,treatment,16010.04028
72,4,control,33552.33813
22,5,treatment,19675.27526
72,5,control,30371.08361
22,6,treatment,24682.38335
72,6,control,26903.72203
22,7,treatment,21585.53851
72,7,control,27620.81058
22,8,treatment,24442.46032
72,8,control,27873.95763
22,9,treatment,19020.89135
72,9,control,25934.58688
22,10,treatment,20407.64804
72,10,control,25652.62973
22,11,treatment,22898.43023
72,11,control,25900.18086
22,12,treatment,25360.32463
72,12,control,26979.33701
22,13,treatment,25617.0838
72,13,control,24985.18707
22,14,treatment,25135.01803
72,14,control,28328.09145
22,15,treatment,22800.6842
72,15,control,26261.5783
22,16,treatment,22693.55647
72,16,control,27778.42775
22,17,treatment,26762.31024
72,17,control,25536.9031
22,18,treatment,27045.55301
72,18,control,29833.1348
22,19,treatment,30168.18925
72,19,control,25075.61297
22,20,treatment,26655.52332
72,20,control,23812.36858
22,21,treatment,24231.41272
72,21,control,25539.67814
22,22,treatment,29007.53888
72,22,control,25466.67286
22,23,treatment,28207.24121
72,23,control,27437.77244
23,1,treatment,15830.45074
73,1,control,21300.89379
23,2,treatment,20182.97887
73,2,control,19831.53163
23,3,treatment,17413.13403
73,3,control,19026.40528
23,4,treatment,21020.25091
73,4,control,19907.9262
23,5,treatment,22175.84471
73,5,control,16063.65245
23,6,treatment,21454.40693
73,6,control,19155.57794
23,7,treatment,23465.42523
73,7,control,25188.72167
23,8,treatment,18426.73709
73,8,control,22639.5911
23,9,treatment,21488.52609
73,9,control,21941.8915
23,10,treatment,19519.68336
73,10,control,23246.65678
23,11,treatment,21601.07203
73,11,control,29361.38003
23,12,treatment,24846.29066
73,12,control,34768.25098
23,13,treatment,26919.47441
73,13,control,32486.25676
23,14,treatment,24571.0224
73,14,control,27441.42677
23,15,treatment,26703.17164
73,15,control,34242.43151
23,16,treatment,23704.22415
73,16,control,31015.62341
23,17,treatment,25399.69201
73,17,control,32856.44936
23,18,treatment,27868.39223
73,18,control,32620.19819
23,19,treatment,26201.75222
73,19,control,29668.87848
23,20,treatment,27271.6636
73,20,control,30324.22044
23,21,treatment,25429.95099
73,21,control,31482.53067
23,22,treatment,28607.49867
73,22,control,32855.14632
23,23,treatment,29011.51388
73,23,control,28602.72277
24,1,treatment,17769.06562
74,1,control,19620.67313
24,2,treatment,18669.28185
74,2,control,27764.92859
24,3,treatment,17794.75976
74,3,control,23167.26144
24,4,treatment,20447.84509
74,4,control,20633.68814
24,5,treatment,19508.27135
74,5,control,20380.95865
24,6,treatment,18400.29079
74,6,control,21601.72775
24,7,treatment,20493.40263
74,7,control,21770.41336
24,8,treatment,22308.20546
74,8,control,23253.8556
24,9,treatment,17634.75013
74,9,control,17988.16416
24,10,treatment,18884.08901
74,10,control,14451.06032
24,11,treatment,19384.33353
74,11,control,17586.86452
24,12,treatment,29274.71282
74,12,control,19877.77676
24,13,treatment,27650.60175
74,13,control,17278.01524
24,14,treatment,23882.71903
74,14,control,21432.93965
24,15,treatment,27330.76119
74,15,control,24523.05225
24,16,treatment,28422.44405
74,16,control,23224.90018
24,17,treatment,23365.59363
74,17,control,22059.91462
24,18,treatment,28776.51536
74,18,control,20463.5807
24,19,treatment,26580.70434
74,19,control,18796.55897
24,20,treatment,26464.86345
74,20,control,20436.48256
24,21,treatment,30326.97645
74,21,control,18536.41668
24,22,treatment,25921.8591
74,22,control,18605.32816
24,23,treatment,25460.27731
74,23,control,16767.56904
25,1,treatment,21519.56543
75,1,control,20182.2809
25,2,treatment,21254.83152
75,2,control,19303.87941
25,3,treatment,21319.9592
75,3,control,18028.29646
25,4,treatment,18928.88909
75,4,control,22834.03552
25,5,treatment,22701.41739
75,5,control,27134.99508
25,6,treatment,21263.09849
75,6,control,20990.82829
25,7,treatment,18078.2497
75,7,control,24547.17351
25,8,treatment,24840.492
75,8,control,25470.28186
25,9,treatment,20181.2
75,9,control,28506.93658
25,10,treatment,21027.7858
75,10,control,22605.79205
25,11,treatment,18642.44751
75,11,control,28800.55134
25,12,treatment,27836.20509
75,12,control,26978.20144
25,13,treatment,25692.84453
75,13,control,27015.02016
25,14,treatment,32353.65015
75,14,control,28577.05801
25,15,treatment,27519.19342
75,15,control,24172.32339
25,16,treatment,26404.55277
75,16,control,23361.20532
25,17,treatment,26295.86203
75,17,control,16396.33088
25,18,treatment,27590.42463
75,18,control,24679.48628
25,19,treatment,27795.65028
75,19,control,27562.68126
25,20,treatment,28002.72545
75,20,control,21927.70073
25,21,treatment,26320.72767
75,21,control,21351.10115
25,22,treatment,24764.02654
75,22,control,24409.84128
25,23,treatment,26921.42719
75,23,control,21071.25744
26,1,treatment,21567.2698
76,1,control,27037.83189
26,2,treatment,23366.43356
76,2,control,19571.23221
26,3,treatment,14453.00773
76,3,control,20409.10391
26,4,treatment,17796.71131
76,4,control,22882.24435
26,5,treatment,18133.81057
76,5,control,22524.5297
26,6,treatment,21741.40544
76,6,control,24310.88799
26,7,treatment,19525.14992
76,7,control,21408.92754
26,8,treatment,23152.85769
76,8,control,21302.99705
26,9,treatment,21068.71416
76,9,control,24373.84678
26,10,treatment,22617.44168
76,10,control,25045.67989
26,11,treatment,18924.42608
76,11,control,25502.24818
26,12,treatment,25538.85645
76,12,control,24600.09957
26,13,treatment,24511.10262
76,13,control,19985.58665
26,14,treatment,22071.3978
76,14,control,20208.41606
26,15,treatment,24675.81243
76,15,control,16554.57711
26,16,treatment,27818.63561
76,16,control,15428.4477
26,17,treatment,25721.52014
76,17,control,11562.60915
26,18,treatment,24756.15561
76,18,control,14513.04439
26,19,treatment,27733.51629
76,19,control,20149.50487
26,20,treatment,27244.0288
76,20,control,20560.45332
26,21,treatment,25638.41517
76,21,control,23120.77756
26,22,treatment,27019.08774
76,22,control,25818.24471
26,23,treatment,27105.77439
76,23,control,29418.41229
27,1,treatment,18592.58115
77,1,control,21961.77026
27,2,treatment,19646.83281
77,2,control,18712.9199
27,3,treatment,18672.33665
77,3,control,26681.73354
27,4,treatment,19272.1799
77,4,control,27549.04752
27,5,treatment,21031.52769
77,5,control,28627.79888
27,6,treatment,21982.30545
77,6,control,23256.76092
27,7,treatment,22584.19743
77,7,control,19538.50647
27,8,treatment,19594.30537
77,8,control,24685.83156
27,9,treatment,19070.73964
77,9,control,18435.02024
27,10,treatment,21378.53741
77,10,control,18561.98909
27,11,treatment,20628.95344
77,11,control,20370.4951
27,12,treatment,27326.38419
77,12,control,17029.02964
27,13,treatment,24454.48275
77,13,control,21341.88998
27,14,treatment,27255.56894
77,14,control,24631.70008
27,15,treatment,27931.98899
77,15,control,21815.07071
27,16,treatment,30812.3899
77,16,control,24101.6891
27,17,treatment,27177.62468
77,17,control,24619.41625
27,18,treatment,25350.99168
77,18,control,31041.61465
27,19,treatment,27823.1476
77,19,control,20394.47079
27,20,treatment,26003.1371
77,20,control,26786.53374
27,21,treatment,25170.03384
77,21,control,28231.62156
27,22,treatment,29410.77508
77,22,control,27927.52127
27,23,treatment,29949.59804
77,23,control,27537.49114
28,1,treatment,19129.40509
78,1,control,17714.16722
28,2,treatment,20729.41166
78,2,control,20428.90499
28,3,treatment,14940.5605
78,3,control,20499.90513
28,4,treatment,20872.32729
78,4,control,18400.8766
28,5,treatment,19268.06952
78,5,control,22400.06676
28,6,treatment,20689.73062
78,6,control,20285.22286
28,7,treatment,21658.73982
78,7,control,21734.73247
28,8,treatment,21006.01113
78,8,control,23647.8119
28,9,treatment,19566.82137
78,9,control,22789.1512
28,10,treatment,20346.13233
78,10,control,18534.09759
28,11,treatment,20287.32115
78,11,control,20768.92217
28,12,treatment,27648.7148
78,12,control,21286.70151
28,13,treatment,25025.27481
78,13,control,19777.27102
28,14,treatment,25187.439
78,14,control,18405.62279
28,15,treatment,25373.68501
78,15,control,15614.80864
28,16,treatment,27445.93628
78,16,control,12755.13245
28,17,treatment,26767.34969
78,17,control,23201.08249
28,18,treatment,26308.75216
78,18,control,12767.32275
28,19,treatment,28430.46121
78,19,control,14257.73779
28,20,treatment,30177.38336
78,20,control,14288.07281
28,21,treatment,27763.81411
78,21,control,18453.95947
28,22,treatment,26341.91387
78,22,control,15948.48285
28,23,treatment,26894.87175
78,23,control,15702.60902
29,1,treatment,16546.40995
79,1,control,18179.48199
29,2,treatment,19567.38517
79,2,control,19039.36366
29,3,treatment,24591.71359
79,3,control,23121.36248
29,4,treatment,23208.02198
79,4,control,17685.12426
29,5,treatment,19176.41947
79,5,control,16193.1963
29,6,treatment,19357.61554
79,6,control,18823.24773
29,7,treatment,22990.07143
79,7,control,17155.80964
29,8,treatment,23013.60354
79,8,control,18520.40218
29,9,treatment,18549.56883
79,9,control,21016.89351
29,10,treatment,19176.98153
79,10,control,17535.16374
29,11,treatment,19679.53763
79,11,control,23273.56889
29,12,treatment,25992.03526
79,12,control,19338.22585
29,13,treatment,26738.53858
79,13,control,19532.40514
29,14,treatment,25040.42277
79,14,control,16540.39275
29,15,treatment,25301.65741
79,15,control,18090.67807
29,16,treatment,26736.66741
79,16,control,12706.79599
29,17,treatment,27570.6904
79,17,control,25953.67883
29,18,treatment,26079.25809
79,18,control,22995.25164
29,19,treatment,25614.48727
79,19,control,22293.57182
29,20,treatment,26021.76432
79,20,control,21237.43116
29,21,treatment,25883.48295
79,21,control,27005.23484
29,22,treatment,28425.1686
79,22,control,31419.18644
29,23,treatment,27350.2882
79,23,control,31419.43637
30,1,treatment,19982.65166
80,1,control,25707.27387
30,2,treatment,23055.38281
80,2,control,27420.38608
30,3,treatment,18220.66504
80,3,control,26131.33018
30,4,treatment,18891.18544
80,4,control,26868.18658
30,5,treatment,22192.28772
80,5,control,25135.2102
30,6,treatment,20947.26075
80,6,control,23089.8226
30,7,treatment,20025.35438
80,7,control,15415.72504
30,8,treatment,21432.48866
80,8,control,23904.35328
30,9,treatment,22463.52982
80,9,control,24480.30238
30,10,treatment,19050.11837
80,10,control,21208.7978
30,11,treatment,23245.31283
80,11,control,19751.97313
30,12,treatment,22257.94009
80,12,control,19938.79288
30,13,treatment,23262.51662
80,13,control,23692.79431
30,14,treatment,28626.56005
80,14,control,18703.28758
30,15,treatment,26727.18686
80,15,control,23765.52773
30,16,treatment,22989.37182
80,16,control,20246.92111
30,17,treatment,24138.73924
80,17,control,27426.18246
30,18,treatment,26643.22042
80,18,control,23689.43112
30,19,treatment,27114.65177
80,19,control,21856.82428
30,20,treatment,22883.53158
80,20,control,22326.17802
30,21,treatment,27912.25294
80,21,control,25574.42637
30,22,treatment,29064.5288
80,22,control,23605.3468
30,23,treatment,24424.81956
80,23,control,24697.12333
31,1,treatment,20123.82138
81,1,control,21882.20269
31,2,treatment,20303.28588
81,2,control,22327.06929
31,3,treatment,21606.98687
81,3,control,20406.87272
31,4,treatment,16349.48439
81,4,control,18664.013
31,5,treatment,21544.10754
81,5,control,19093.19925
31,6,treatment,19600.67396
81,6,control,18705.65907
31,7,treatment,20453.07655
81,7,control,20375.39654
31,8,treatment,24044.28722
81,8,control,15181.87007
31,9,treatment,19082.7917
81,9,control,17857.2544
31,10,treatment,25396.01224
81,10,control,16334.683
31,11,treatment,19621.84004
81,11,control,18315.35424
31,12,treatment,26939.36537
81,12,control,17839.78307
31,13,treatment,30736.00524
81,13,control,20184.15761
31,14,treatment,24787.4781
81,14,control,25495.2581
31,15,treatment,25960.0731
81,15,control,29531.73504
31,16,treatment,27994.188
81,16,control,26482.17139
31,17,treatment,23691.99969
81,17,control,24830.69571
31,18,treatment,27612.96211
81,18,control,29959.9861
31,19,treatment,24190.18064
81,19,control,29100.06294
31,20,treatment,26198.37317
81,20,control,30803.87874
31,21,treatment,27767.1046
81,21,control,30369.82951
31,22,treatment,31425.10088
81,22,control,32822.82052
31,23,treatment,25639.856
81,23,control,32083.76649
32,1,treatment,19491.53189
82,1,control,11388.7327
32,2,treatment,19804.71312
82,2,control,13847.30364
32,3,treatment,19326.12842
82,3,control,18600.43501
32,4,treatment,20114.45699
82,4,control,20945.18602
32,5,treatment,20638.61244
82,5,control,21983.37346
32,6,treatment,17130.84878
82,6,control,25857.61161
32,7,treatment,22596.35093
82,7,control,21938.03219
32,8,treatment,22486.79294
82,8,control,19188.45102
32,9,treatment,21757.77729
82,9,control,23178.78119
32,10,treatment,20771.92065
82,10,control,19133.28683
32,11,treatment,15279.27495
82,11,control,19753.49631
32,12,treatment,23718.39811
82,12,control,17600.25481
32,13,treatment,25080.24461
82,13,control,19731.56691
32,14,treatment,24084.52605
82,14,control,14424.17335
32,15,treatment,26300.00405
82,15,control,18161.47831
32,16,treatment,23958.98755
82,16,control,22495.66332
32,17,treatment,23759.68101
82,17,control,18740.44257
32,18,treatment,28750.09561
82,18,control,22480.88734
32,19,treatment,25332.85313
82,19,control,23787.04813
32,20,treatment,28779.15913
82,20,control,27184.21255
32,21,treatment,31656.55506
82,21,control,24063.55644
32,22,treatment,28618.67545
82,22,control,17489.16322
32,23,treatment,27663.60246
82,23,control,23527.8037
33,1,treatment,18025.82564
83,1,control,27780.66798
33,2,treatment,22038.13187
83,2,control,24419.68346
33,3,treatment,21242.38853
83,3,control,33275.69459
33,4,treatment,18400.53761
83,4,control,29344.92402
33,5,treatment,22712.21682
83,5,control,30467.18352
33,6,treatment,18377.4426
83,6,control,28839.40422
33,7,treatment,19335.32544
83,7,control,21903.57944
33,8,treatment,17710.23339
83,8,control,30248.56312
33,9,treatment,20740.56549
83,9,control,28377.52015
33,10,treatment,17133.94602
83,10,control,34584.60324
33,11,treatment,21453.75884
83,11,control,31810.56663
33,12,treatment,26877.63954
83,12,control,28880.39221
33,13,treatment,26506.38422
83,13,control,30452.0485
33,14,treatment,28244.61378
83,14,control,30864.79083
33,15,treatment,24161.91579
83,15,control,30052.76886
33,16,treatment,24314.49838
83,16,control,30835.38566
33,17,treatment,25739.80926
83,17,control,30529.4169
33,18,treatment,24438.59633
83,18,control,35774.45535
33,19,treatment,26530.34026
83,19,control,33612.10723
33,20,treatment,22166.37745
83,20,control,33536.04239
33,21,treatment,25910.90435
83,21,control,33932.19807
33,22,treatment,29508.20723
83,22,control,27800.68183
33,23,treatment,24357.10124
83,23,control,30578.83603
34,1,treatment,21188.37821
84,1,control,18043.84066
34,2,treatment,22812.91525
84,2,control,20084.46374
34,3,treatment,24233.64871
84,3,control,19232.71961
34,4,treatment,24983.36656
84,4,control,18549.67428
34,5,treatment,20803.46276
84,5,control,19763.86519
34,6,treatment,21403.53537
84,6,control,25113.47539
34,7,treatment,23319.02714
84,7,control,28061.6072
34,8,treatment,19026.94519
84,8,control,27114.93472
34,9,treatment,24490.95041
84,9,control,23019.76665
34,10,treatment,18679.62415
84,10,control,18810.99888
34,11,treatment,22923.43028
84,11,control,22987.33416
34,12,treatment,24681.8616
84,12,control,29432.66357
34,13,treatment,28069.13504
84,13,control,29130.33141
34,14,treatment,27667.90584
84,14,control,28264.78697
34,15,treatment,27068.42652
84,15,control,23080.54842
34,16,treatment,24704.60765
84,16,control,21503.84867
34,17,treatment,25693.23054
84,17,control,25762.64788
34,18,treatment,28012.23523
84,18,control,22749.61971
34,19,treatment,30213.12755
84,19,control,23687.62665
34,20,treatment,26851.65177
84,20,control,16354.59119
34,21,treatment,31841.38459
84,21,control,19708.74014
34,22,treatment,29823.0733
84,22,control,19174.82367
34,23,treatment,29434.54471
84,23,control,21200.45175
35,1,treatment,23434.66253
85,1,control,15299.52623
35,2,treatment,24132.47767
85,2,control,20985.91599
35,3,treatment,20080.54164
85,3,control,22954.2254
35,4,treatment,21153.71716
85,4,control,17875.08979
35,5,treatment,18539.71014
85,5,control,21830.25348
35,6,treatment,18889.34761
85,6,control,20590.19065
35,7,treatment,17504.32748
85,7,control,20519.28743
35,8,treatment,21041.26549
85,8,control,22438.28639
35,9,treatment,20794.71587
85,9,control,26884.46926
35,10,treatment,21322.6688
85,10,control,29161.50605
35,11,treatment,25034.44762
85,11,control,27761.73414
35,12,treatment,23012.96294
85,12,control,23573.99603
35,13,treatment,25971.54357
85,13,control,24923.42547
35,14,treatment,25566.56052
85,14,control,17879.76324
35,15,treatment,24934.28701
85,15,control,16543.91354
35,16,treatment,20130.6808
85,16,control,22457.80604
35,17,treatment,26127.21627
85,17,control,15788.15083
35,18,treatment,26502.96563
85,18,control,24945.33185
35,19,treatment,25465.93144
85,19,control,20413.88603
35,20,treatment,26206.77906
85,20,control,19961.63847
35,21,treatment,25055.54588
85,21,control,15705.26439
35,22,treatment,28896.75886
85,22,control,17115.44945
35,23,treatment,25966.95705
85,23,control,9601.613666
36,1,treatment,18355.30357
86,1,control,18493.1951
36,2,treatment,21296.83017
86,2,control,20339.47251
36,3,treatment,22035.43384
86,3,control,25756.25888
36,4,treatment,22865.71362
86,4,control,23610.98445
36,5,treatment,19600.86341
86,5,control,22131.47246
36,6,treatment,21704.91274
86,6,control,23584.37762
36,7,treatment,24228.51237
86,7,control,19186.03334
36,8,treatment,19313.31766
86,8,control,24713.91085
36,9,treatment,22009.92141
86,9,control,14086.3945
36,10,treatment,19940.86773
86,10,control,20804.33847
36,11,treatment,17541.0673
86,11,control,25686.93622
36,12,treatment,26097.56935
86,12,control,29037.03353
36,13,treatment,27762.32577
86,13,control,32679.59708
36,14,treatment,27166.13441
86,14,control,35902.23789
36,15,treatment,29357.4247
86,15,control,30464.15918
36,16,treatment,24481.2713
86,16,control,32474.47606
36,17,treatment,27497.85175
86,17,control,33403.3273
36,18,treatment,28185.51767
86,18,control,28233.76533
36,19,treatment,27470.00528
86,19,control,23369.51377
36,20,treatment,29021.20344
86,20,control,27637.38299
36,21,treatment,27653.11111
86,21,control,31475.88198
36,22,treatment,27946.00325
86,22,control,32504.33844
36,23,treatment,25740.52196
86,23,control,30819.22153
37,1,treatment,22960.89994
87,1,control,17922.11454
37,2,treatment,17828.77518
87,2,control,16002.1632
37,3,treatment,21456.92361
87,3,control,18735.69222
37,4,treatment,21938.63142
87,4,control,17189.65076
37,5,treatment,20192.45486
87,5,control,17503.57337
37,6,treatment,23719.78913
87,6,control,16963.21378
37,7,treatment,18160.45905
87,7,control,18082.34526
37,8,treatment,19888.21976
87,8,control,16030.78341
37,9,treatment,21305.87645
87,9,control,18955.61625
37,10,treatment,22409.69066
87,10,control,19314.13729
37,11,treatment,16163.71444
87,11,control,19048.69867
37,12,treatment,23551.51885
87,12,control,18947.95882
37,13,treatment,26513.04721
87,13,control,15466.71757
37,14,treatment,26263.25711
87,14,control,19663.74984
37,15,treatment,25272.69958
87,15,control,21395.68002
37,16,treatment,23640.24935
87,16,control,20430.5844
37,17,treatment,26237.48723
87,17,control,18924.44882
37,18,treatment,26636.27063
87,18,control,19297.48865
37,19,treatment,26218.8919
87,19,control,17801.55182
37,20,treatment,26341.14419
87,20,control,17750.07111
37,21,treatment,26866.86206
87,21,control,13546.89485
37,22,treatment,27682.92544
87,22,control,12595.74618
37,23,treatment,28379.0799
87,23,control,15292.63206
38,1,treatment,19582.30096
88,1,control,25384.17118
38,2,treatment,17296.81472
88,2,control,24430.18465
38,3,treatment,20842.09635
88,3,control,25966.97287
38,4,treatment,22286.68845
88,4,control,27478.38662
38,5,treatment,22272.2964
88,5,control,31261.46173
38,6,treatment,18792.41489
88,6,control,28534.06401
38,7,treatment,22166.25091
88,7,control,29835.30105
38,8,treatment,19855.15686
88,8,control,25371.77175
38,9,treatment,21084.0407
88,9,control,27660.35527
38,10,treatment,20897.92548
88,10,control,20053.88171
38,11,treatment,26922.09291
88,11,control,28531.82184
38,12,treatment,27527.07
88,12,control,27082.49149
38,13,treatment,24391.83736
88,13,control,20974.20374
38,14,treatment,23336.51192
88,14,control,17930.59281
38,15,treatment,21798.93125
88,15,control,21205.22004
38,16,treatment,25020.2102
88,16,control,20662.35346
38,17,treatment,24606.54562
88,17,control,19421.04137
38,18,treatment,24145.61001
88,18,control,18987.41692
38,19,treatment,29093.62239
88,19,control,17309.60952
38,20,treatment,28841.59224
88,20,control,20516.42076
38,21,treatment,26642.78323
88,21,control,21538.07856
38,22,treatment,27180.0716
88,22,control,18121.3059
38,23,treatment,27087.43002
88,23,control,20652.17639
39,1,treatment,22202.08033
89,1,control,26022.21471
39,2,treatment,16756.29351
89,2,control,25938.63432
39,3,treatment,16247.2546
89,3,control,21992.18733
39,4,treatment,18413.27523
89,4,control,19247.07202
39,5,treatment,21231.14726
89,5,control,18827.65146
39,6,treatment,21870.76222
89,6,control,22929.59831
39,7,treatment,20814.19099
89,7,control,22588.90703
39,8,treatment,18911.71322
89,8,control,21742.26869
39,9,treatment,18563.86523
89,9,control,20633.50208
39,10,treatment,21167.85812
89,10,control,17881.17108
39,11,treatment,19210.70527
89,11,control,24669.50269
39,12,treatment,23769.4338
89,12,control,20508.52576
39,13,treatment,25603.07123
89,13,control,21493.20607
39,14,treatment,26408.64456
89,14,control,24882.72021
39,15,treatment,24246.08394
89,15,control,28060.43029
39,16,treatment,26293.38216
89,16,control,26843.96289
39,17,treatment,24858.1821
89,17,control,23699.74718
39,18,treatment,24962.3391
89,18,control,24748.10877
39,19,treatment,28956.20974
89,19,control,21047.07963
39,20,treatment,29280.15396
89,20,control,24806.37841
39,21,treatment,26149.1058
89,21,control,23548.52279
39,22,treatment,26567.41874
89,22,control,20125.16438
39,23,treatment,25950.44995
89,23,control,21828.685
40,1,treatment,19725.51753
90,1,control,16669.68207
40,2,treatment,20849.00776
90,2,control,24225.01037
40,3,treatment,18474.49665
90,3,control,19724.33366
40,4,treatment,22669.26495
90,4,control,25828.91286
40,5,treatment,21472.63331
90,5,control,25076.75565
40,6,treatment,20841.07776
90,6,control,23740.1478
40,7,treatment,21355.33083
90,7,control,24111.54623
40,8,treatment,19569.35228
90,8,control,19999.62438
40,9,treatment,24056.14235
90,9,control,27423.02382
40,10,treatment,20256.9958
90,10,control,26363.87178
40,11,treatment,24698.79087
90,11,control,23668.13315
40,12,treatment,27741.04169
90,12,control,19756.20189
40,13,treatment,28688.17687
90,13,control,20318.02285
40,14,treatment,26594.36263
90,14,control,23138.43726
40,15,treatment,30580.23992
90,15,control,22601.44919
40,16,treatment,26443.91425
90,16,control,18207.43209
40,17,treatment,24710.49505
90,17,control,20809.50772
40,18,treatment,28944.24122
90,18,control,25745.31338
40,19,treatment,29768.24309
90,19,control,22466.86354
40,20,treatment,28127.53953
90,20,control,25890.70018
40,21,treatment,26644.7918
90,21,control,20209.48399
40,22,treatment,27009.24669
90,22,control,17434.28557
40,23,treatment,32037.42676
90,23,control,19840.70559
41,1,treatment,22419.35169
91,1,control,19683.93888
41,2,treatment,20384.3008
91,2,control,25396.22744
41,3,treatment,21007.90412
91,3,control,20853.21911
41,4,treatment,19691.29351
91,4,control,25156.05308
41,5,treatment,21297.02204
91,5,control,27585.0736
41,6,treatment,21821.89055
91,6,control,27935.17783
41,7,treatment,27089.79761
91,7,control,30768.12067
41,8,treatment,21991.98245
91,8,control,26497.80059
41,9,treatment,17607.31806
91,9,control,24632.45165
41,10,treatment,16955.51805
91,10,control,27149.81194
41,11,treatment,24472.44045
91,11,control,26855.26225
41,12,treatment,26321.71788
91,12,control,26856.25634
41,13,treatment,20976.90088
91,13,control,25820.02966
41,14,treatment,26530.94585
91,14,control,25419.42884
41,15,treatment,26427.54946
91,15,control,27170.69653
41,16,treatment,25650.29899
91,16,control,29335.56301
41,17,treatment,23081.99868
91,17,control,27533.33816
41,18,treatment,25323.37138
91,18,control,24674.7923
41,19,treatment,28710.13116
91,19,control,24119.12991
41,20,treatment,25466.9225
91,20,control,22520.63575
41,21,treatment,27141.08357
91,21,control,19234.39064
41,22,treatment,24053.91057
91,22,control,23377.86619
41,23,treatment,28787.08536
91,23,control,27793.76477
42,1,treatment,20962.71911
92,1,control,24303.56761
42,2,treatment,23066.56774
92,2,control,25144.41856
42,3,treatment,21741.97634
92,3,control,24149.30974
42,4,treatment,18358.78253
92,4,control,22955.03389
42,5,treatment,18063.71093
92,5,control,26859.41276
42,6,treatment,17467.00627
92,6,control,22765.46526
42,7,treatment,19915.94254
92,7,control,19306.31451
42,8,treatment,22009.49791
92,8,control,21261.522
42,9,treatment,23464.51085
92,9,control,18122.06463
42,10,treatment,23221.28693
92,10,control,18467.72903
42,11,treatment,20815.21457
92,11,control,23222.13927
42,12,treatment,27333.15765
92,12,control,19447.13362
42,13,treatment,23241.73214
92,13,control,19548.98243
42,14,treatment,26216.8967
92,14,control,23808.54405
42,15,treatment,26041.4707
92,15,control,26815.25389
42,16,treatment,29659.75423
92,16,control,21376.14539
42,17,treatment,26156.77836
92,17,control,19826.01079
42,18,treatment,25526.88317
92,18,control,21139.49763
42,19,treatment,27457.52917
92,19,control,19979.02719
42,20,treatment,25471.77379
92,20,control,29640.60351
42,21,treatment,29182.90618
92,21,control,28709.03694
42,22,treatment,27030.33496
92,22,control,25853.38317
42,23,treatment,28479.94845
92,23,control,28430.55687
43,1,treatment,20726.19961
93,1,control,17415.41491
43,2,treatment,19928.64069
93,2,control,20924.4962
43,3,treatment,22129.78063
93,3,control,17043.51532
43,4,treatment,18949.79438
93,4,control,17171.46056
43,5,treatment,19812.15665
93,5,control,14999.46779
43,6,treatment,19854.69599
93,6,control,20375.90595
43,7,treatment,17463.84172
93,7,control,19252.45046
43,8,treatment,20298.69124
93,8,control,18847.08459
43,9,treatment,24376.26355
93,9,control,18424.57487
43,10,treatment,19156.72871
93,10,control,17293.29612
43,11,treatment,25647.59973
93,11,control,18351.78965
43,12,treatment,26841.04585
93,12,control,20588.63396
43,13,treatment,21375.58841
93,13,control,14179.04074
43,14,treatment,20234.18347
93,14,control,13797.4423
43,15,treatment,24378.36895
93,15,control,9497.65046
43,16,treatment,27437.57599
93,16,control,5652.765178
43,17,treatment,26036.7668
93,17,control,9139.160319
43,18,treatment,26740.4311
93,18,control,8711.689447
43,19,treatment,27398.36536
93,19,control,4641.421657
43,20,treatment,26838.32756
93,20,control,14096.01786
43,21,treatment,30687.08383
93,21,control,15021.22178
43,22,treatment,23907.68524
93,22,control,17987.03982
43,23,treatment,24023.37954
93,23,control,14992.49788
44,1,treatment,15676.94346
94,1,control,21954.72105
44,2,treatment,19511.16074
94,2,control,18880.44237
44,3,treatment,20546.71192
94,3,control,26741.9274
44,4,treatment,20079.80747
94,4,control,24757.55214
44,5,treatment,18088.6147
94,5,control,31672.80507
44,6,treatment,21856.00316
94,6,control,25763.38942
44,7,treatment,19841.08672
94,7,control,26394.9219
44,8,treatment,17818.25152
94,8,control,22727.07522
44,9,treatment,17443.59097
94,9,control,17840.90577
44,10,treatment,19063.86384
94,10,control,18216.82317
44,11,treatment,24547.13487
94,11,control,18284.88241
44,12,treatment,23902.55353
94,12,control,24095.47651
44,13,treatment,28579.00103
94,13,control,25336.41007
44,14,treatment,22692.62567
94,14,control,22768.2986
44,15,treatment,23650.56027
94,15,control,20211.25641
44,16,treatment,25013.54184
94,16,control,15934.74382
44,17,treatment,23345.99944
94,17,control,17577.11669
44,18,treatment,25666.89539
94,18,control,21812.06733
44,19,treatment,27150.15031
94,19,control,19889.69005
44,20,treatment,24005.74681
94,20,control,24129.11221
44,21,treatment,26320.99173
94,21,control,21218.3305
44,22,treatment,24935.70053
94,22,control,21506.00665
44,23,treatment,29959.61097
94,23,control,21149.53166
45,1,treatment,20686.15446
95,1,control,15320.11762
45,2,treatment,15713.27159
95,2,control,17649.0713
45,3,treatment,23836.76319
95,3,control,21170.66903
45,4,treatment,19945.33649
95,4,control,16360.40451
45,5,treatment,16067.63689
95,5,control,18711.94336
45,6,treatment,21048.50363
95,6,control,16817.84279
45,7,treatment,21522.9622
95,7,control,16788.46234
45,8,treatment,20993.27943
95,8,control,16775.80427
45,9,treatment,19488.81603
95,9,control,19890.34974
45,10,treatment,17155.63451
95,10,control,19554.3303
45,11,treatment,22728.97265
95,11,control,22495.57223
45,12,treatment,26430.63778
95,12,control,24317.61746
45,13,treatment,24606.38046
95,13,control,26410.20857
45,14,treatment,24667.51962
95,14,control,22023.13286
45,15,treatment,27169.84509
95,15,control,27681.9332
45,16,treatment,27919.40562
95,16,control,21938.61529
45,17,treatment,28500.19001
95,17,control,24359.26128
45,18,treatment,24681.51233
95,18,control,25656.5473
45,19,treatment,26309.62943
95,19,control,25946.09658
45,20,treatment,25303.38751
95,20,control,28248.62346
45,21,treatment,27140.99716
95,21,control,23733.93452
45,22,treatment,26138.37904
95,22,control,14015.66891
45,23,treatment,29450.88511
95,23,control,18578.69044
46,1,treatment,20074.6499
96,1,control,14344.7111
46,2,treatment,20423.04911
96,2,control,10119.82783
46,3,treatment,22416.56517
96,3,control,13424.96564
46,4,treatment,17455.80948
96,4,control,16454.19816
46,5,treatment,16396.17521
96,5,control,16721.72569
46,6,treatment,21331.16977
96,6,control,21995.91801
46,7,treatment,22769.02465
96,7,control,18985.77324
46,8,treatment,18255.44738
96,8,control,16901.17483
46,9,treatment,23046.87426
96,9,control,25147.1272
46,10,treatment,19609.64795
96,10,control,21929.88493
46,11,treatment,21084.56936
96,11,control,25918.30798
46,12,treatment,28559.65178
96,12,control,28940.46921
46,13,treatment,25147.34115
96,13,control,30135.13438
46,14,treatment,23780.63473
96,14,control,31073.1205
46,15,treatment,26201.83016
96,15,control,27922.73996
46,16,treatment,28131.97406
96,16,control,29208.93495
46,17,treatment,25291.01615
96,17,control,25756.2108
46,18,treatment,24959.33711
96,18,control,32300.40018
46,19,treatment,24752.1237
96,19,control,24319.14667
46,20,treatment,26341.54522
96,20,control,28485.47472
46,21,treatment,28185.20697
96,21,control,27908.63779
46,22,treatment,25791.45635
96,22,control,28201.9981
46,23,treatment,26234.81985
96,23,control,28299.36021
47,1,treatment,21621.36135
97,1,control,24681.87692
47,2,treatment,17952.82401
97,2,control,24823.27454
47,3,treatment,21164.59179
97,3,control,23988.63729
47,4,treatment,22413.47894
97,4,control,19041.68121
47,5,treatment,20590.82861
97,5,control,21509.57324
47,6,treatment,17486.38897
97,6,control,23386.55033
47,7,treatment,21027.60967
97,7,control,25655.45169
47,8,treatment,24114.92363
97,8,control,26751.35653
47,9,treatment,21269.78426
97,9,control,22251.82357
47,10,treatment,20453.2696
97,10,control,25066.29999
47,11,treatment,19835.8958
97,11,control,27978.16269
47,12,treatment,28433.4984
97,12,control,23506.6058
47,13,treatment,25635.7383
97,13,control,25234.00252
47,14,treatment,25429.84573
97,14,control,23975.31825
47,15,treatment,25895.77193
97,15,control,30060.6221
47,16,treatment,27116.65169
97,16,control,27442.96578
47,17,treatment,29271.5919
97,17,control,30198.67605
47,18,treatment,26101.3859
97,18,control,26046.8343
47,19,treatment,27412.33471
97,19,control,21165.31824
47,20,treatment,28372.12126
97,20,control,26701.92847
47,21,treatment,30898.6939
97,21,control,28853.01468
47,22,treatment,27038.2317
97,22,control,26555.35264
47,23,treatment,27964.23814
97,23,control,19684.03312
48,1,treatment,22563.86429
98,1,control,13446.99386
48,2,treatment,19464.53637
98,2,control,22741.88819
48,3,treatment,21184.31472
98,3,control,23885.87654
48,4,treatment,22763.94896
98,4,control,20809.98384
48,5,treatment,21444.57445
98,5,control,20803.80319
48,6,treatment,21818.25552
98,6,control,10773.58789
48,7,treatment,22499.77087
98,7,control,8337.385673
48,8,treatment,22246.45851
98,8,control,15902.29987
48,9,treatment,17838.38239
98,9,control,13248.91947
48,10,treatment,21262.93691
98,10,control,17339.65843
48,11,treatment,20641.21583
98,11,control,19698.32818
48,12,treatment,29335.73068
98,12,control,19517.62704
48,13,treatment,27908.64399
98,13,control,19153.20971
48,14,treatment,24859.46946
98,14,control,23652.77149
48,15,treatment,27632.33015
98,15,control,17998.10328
48,16,treatment,28157.34721
98,16,control,20661.35934
48,17,treatment,26409.20726
98,17,control,18459.87234
48,18,treatment,24897.677
98,18,control,19927.9194
48,19,treatment,24184.60062
98,19,control,16181.28398
48,20,treatment,29074.42163
98,20,control,19506.25095
48,21,treatment,28292.12408
98,21,control,21220.64813
48,22,treatment,25386.07714
98,22,control,15405.35518
48,23,treatment,28626.53619
98,23,control,19988.8009
49,1,treatment,18001.77839
99,1,control,20904.79564
49,2,treatment,19481.03677
99,2,control,20748.25009
49,3,treatment,20864.13371
99,3,control,23854.52911
49,4,treatment,19570.88943
99,4,control,24107.92315
49,5,treatment,20039.6816
99,5,control,16685.08241
49,6,treatment,17340.55308
99,6,control,18176.50087
49,7,treatment,20400.37465
99,7,control,21744.35251
49,8,treatment,17188.43633
99,8,control,21681.18506
49,9,treatment,20021.71799
99,9,control,22528.77436
49,10,treatment,20395.77029
99,10,control,19113.97524
49,11,treatment,22426.34702
99,11,control,21246.49318
49,12,treatment,24248.96658
99,12,control,21684.57707
49,13,treatment,24087.63533
99,13,control,25628.99144
49,14,treatment,26862.36914
99,14,control,26411.04408
49,15,treatment,23252.36755
99,15,control,25544.99774
49,16,treatment,25748.84581
99,16,control,25670.50091
49,17,treatment,21177.84873
99,17,control,28913.87338
49,18,treatment,23727.93888
99,18,control,23339.29711
49,19,treatment,22637.13667
99,19,control,27870.15412
49,20,treatment,27580.39788
99,20,control,27355.32598
49,21,treatment,25687.2708
99,21,control,27108.426
49,22,treatment,26018.24602
99,22,control,25663.58188
49,23,treatment,22317.76501
99,23,control,25110.50918
